Country,AHAII_Score,Tier,Regional_Rank,Human_Capital,Physical_Infrastructure,Regulatory_Framework,Economic_Market,Data_Quality_Grade,Expert_Validation
South Africa,33.75,3,1,32.249406127929696,55.5409,6.172900199890139,39.14303662282623,B,No expert validation available
Egypt,27.15,3,2,15.404102986653633,49.68928666666666,10.335600376129198,33.58565651516935,B,No expert validation available
Ghana,22.41,3,3,17.484361699422198,42.984989999999996,0.7151712314502542,27.290547499061592,B,No expert validation available
Kenya,21.06,3,4,13.547643826802569,34.9624,8.08740019798279,29.913784591705873,B,No expert validation available
Nigeria,15.75,3,5,2.4750556755065936,32.31137,0.478991088387003,34.64514483537446,B,No expert validation available
